Test_MSE,Test_MAE,Test_R2
0.4390821734111208,0.5034977692711566,0.6978561544863234
